EventID,EventName,EventType,EventDate,Venue,Organizer,Budget,Revenue
E5352,Integrated needs-based matrices,Webinar,2025-01-08,Thomas Group,Christina Medina,10019,30596
E6999,  Centralized client-server matrices   ,Workshop,2025-01-06,"Dyer, Stokes and Moreno",Cindy Bell,20974,54353
E4803,  Inverse maximized structure   ,Conference,2025-01-06,Stone PLC,Jessica Jones,26736,19375
E6323,Triple-buffered tangible flexibility,Webinar,2025-01-02,"Benjamin, Johnson and Solomon",Brent Hicks,14200,45985
E9952,Optimized explicit knowledge user,Webinar,2025-01-08,Walker-Lozano,Jacqueline Bennett,10519,56205
E9071,  Digitized well-modulated leverage   ,Conference,2025-01-05,Frost-Jensen,Phyllis Ali,15141,33940
E5464,Optional value-added emulation,Conference,2025-01-01,"Fowler, Ford and Mendoza",Gregory Waters,45475,27622
E8866,Phased cohesive projection,Workshop,2025-01-08,"Delgado, Fowler and Smith",Jessica Simon,37018,27848
E8289,  Synergistic 6thgeneration data-warehouse   ,Webinar,2025-01-06,"Heath, Nelson and Schneider",Mindy Morales,30114,90592
E5838,Realigned background Internet solution,Networking,2025-01-07,"Campbell, Brown and Rodriguez",Rebecca Anderson,17778,95774
E1548,Upgradable upward-trending analyzer,Social Event,2025-01-01,"Rodriguez, Frye and Reynolds",Desiree Ryan,15664,44578
E1352,Phased client-driven access,Workshop,2025-01-05,"Shields, Peterson and Reilly",Kayla Harrison,48211,46216
E1100,  Polarized didactic toolset   ,Webinar,2025-01-08,Wagner-Rice,Sarah Bush,23202,78266
E2467,  Multi-layered modular implementation   ,Social Event,2025-01-01,"Williams, Hill and Lane",Scott Allen,27507,63049
E5617,  Object-based impactful capacity   ,Networking,2025-01-04,Howard-Goodwin,Jillian Dunn,46910,20917
E7437,Multi-lateral 24hour service-desk,Webinar,2025-01-05,Walker-Campbell,Marissa Snow,43197,70901
E1817,Inverse mission-critical interface,Social Event,2025-01-06,"Bush, Moran and Sullivan",Mrs. Sydney Fischer,30091,97353
E7710,  Seamless systematic capability   ,Social Event,2025-01-01,Price Group,Eric Campbell,24381,21511
E5625,  Advanced neutral paradigm   ,Webinar,2025-01-05,"Whitehead, Warner and Kelly",Patricia Fisher,12863,18280
E8502,  Quality-focused client-driven hardware   ,Conference,2025-01-03,Roberts-Brooks,Richard Robinson,34888,74254
E1405,  Future-proofed solution-oriented moderator   ,Networking,2025-01-01,"Fowler, Choi and Williams",William Moreno,43147,71764
E4815,  Enterprise-wide transitional algorithm   ,Social Event,2025-01-07,Brown Ltd,Bethany Walters,16797,20082
E4118,  Self-enabling stable core   ,Networking,2025-01-08,"Morrison, Chen and Scott",Virginia Clayton,49603,76647
E7485,Expanded scalable data-warehouse,Conference,2025-01-06,Black Ltd,Carolyn Allen,38151,36572
E9560,  Robust 4thgeneration standardization   ,Networking,2025-01-06,Bell-Browning,Manuel Johnson,48529,38785
E8552,  Face-to-face didactic complexity   ,Social Event,2025-01-05,"Smith, Hill and Martin",John Taylor,13967,31777
E4077,Advanced clear-thinking focus group,Conference,2025-01-07,"Hall, Sellers and Cabrera",Michele Gregory,31859,15341
E4426,Intuitive background info-mediaries,Conference,2025-01-05,"Johnson, Carlson and Richard",Jeffery Medina,41832,82365
E4141,  Pre-emptive systematic productivity   ,Networking,2025-01-06,"Mccarthy, Lee and Melendez",Michelle Gonzales,15855,34414
