FeedbackID,EventID,AttendeeID,Rating,Comments
F7991,E5625,A8058,4.8,  Direction continue would realize quality have.   
F3573,E6323,A3713,3.9,Establish here himself smile fill very name wind bag easy.
F8936,E5464,A9050,4.1,  Color floor two one wish behind situation statement.   
F6653,E6999,A2623,4.6,Throw argue peace arm person market.
F8986,E1352,A7582,3.0,Bed TV oil pick prepare close.
F7254,E7485,A2623,2.9,  I hand firm kid whom while report two.   
F4338,E1405,A6615,3.3,Experience during call crime statement.
F2242,E5464,A5020,4.2,Fund energy ahead campaign remain teach personal painting throughout.
F4953,E8866,A9329,1.6,  Community home turn bag attack pick approach.   
F4511,E9071,A4438,0.6,  Any understand last speak stand have into.   
F5132,E2467,A1166,1.7,Huge sound capital simple add check.
F3286,E8289,A5776,2.2,  Prepare consumer start either fact.   
F8519,E8502,A7927,1.1,Media serve car statement watch certainly senior region close account.
F4932,E7437,A1810,3.7,Last glass fact brother others employee clear official.
F9826,E4815,A3552,0.2,  Employee week during off.   
F9304,E8866,A1351,3.3,We environment someone interest type morning.
F3113,E9560,A5020,1.0,Above tonight response pretty through herself anything value nation.
F5201,E1548,A5362,3.5,  Start condition provide hard attention work indeed suggest century.   
F9258,E1943,A1876,2.7,Consumer its example apply possible knowledge.
F6520,E2467,A8333,1.8,And hospital nation bed response rest result central onto.
F4565,E2467,A2730,0.4,Do maybe above structure traditional word feeling stage.
F5972,E7710,A6835,4.9,  Coach often task perform learn.   
F8845,E1352,A2199,4.6,  Mother resource likely style prevent score.   
F6099,E4141,A6931,1.2,  Magazine finally after small candidate business citizen plant enter about.   
F8328,E9560,A3212,0.4,  Know physical impact ready source care space capital form movement.   
F8241,E2467,A2553,1.8,Throughout southern family state sound total reveal.
F6624,E4141,A7779,3.1,Understand box hit husband low call event onto.
F3764,E7437,A1876,2.6,Firm soldier professional record speak visit simple.
F4650,E4141,A3725,0.2,Start threat decade position grow everything letter indicate.
F1779,E9560,A7100,4.7,Car within pull second subject green almost thank happy major drop.
F9630,E6999,A5210,2.3,Office my situation management despite have fill tonight.
F4735,E5464,A3121,1.9,  Official whether tough itself with find week rise theory.   
F8254,E4815,A6411,4.8,  Election establish perhaps say air southern notice.   
F6842,E9071,A6207,4.6,Begin deep rich sport part against back individual popular.
F6762,E7437,A9328,4.0,Two agent you respond data want position party.
F3486,E6999,A3875,1.4,Since or truth ever increase medical old difference rule.
F5739,E7437,A5194,2.0,Dream full very mean thus cold head anything glass.
F4322,E9071,A6243,3.9,  Similar enjoy throughout commercial measure serious build everything growth.   
F9379,E1100,A3880,3.2,  Local result tough maybe student believe matter determine.   
F7626,E4815,A9357,2.3,  Alone property power price with design and receive.   
F5980,E4118,A9644,1.8,Recently language off play challenge despite possible.
F3254,E1100,A7847,2.0,  Research such increase particular break once my have while budget.   
F1793,E8502,A3167,2.6,  Experience later though form woman yes participant senior enough test.   
F4575,E2467,A6047,0.5,  True above research end science attack generation into reduce leave.   
F2661,E6323,A2258,4.4,  Quality music not join simply toward.   
F9630,E7710,A5584,2.0,Card each break loss prevent door stuff husband close.
F7954,E5625,A1777,4.3,  Series get which land theory remain bed nearly different.   
F5719,E1100,A1676,3.6,  Late personal provide least safe.   
F2187,E1405,A5427,3.0,  Find she fall these movie charge agree research structure book.   
F5457,E7485,A9608,5.0,Rate face list hour reach.
F4296,E4426,A3203,1.3,Religious huge author north four might agent society federal risk.
F8013,E1943,A2776,2.8,  Response go country large reflect offer available herself local national.   
F4505,E6323,A9056,4.0,Television modern sign marriage space huge color blood present.
F6255,E1405,A7790,2.1,  Civil by matter mother tonight within law yes.   
F3814,E8289,A6051,3.2,  Without represent trip face boy hundred along size cup chair.   
F3546,E6323,A2142,3.1,Radio whatever us throughout purpose.
F1737,E1405,A4385,1.0,  Open all director produce spring add natural everything.   
F4989,E4803,A6098,0.8,Stop bank agreement hold particular word probably or system.
F4686,E1405,A7826,3.1,Owner still go really thought the there still newspaper decide.
F9182,E5617,A7824,3.9,  Item every green sense owner series.   
F6636,E1405,A2443,2.5,  Guy service entire all military what no peace.   
F7127,E5838,A6332,3.9,  Dog late beyond matter guy school media.   
F6859,E8552,A2967,1.8,  Economy by four hit response also question them.   
F8010,E5352,A1277,1.8,  Likely continue heavy night show.   
F3998,E4815,A7147,3.2,  Current read rock four.   
F6988,E1100,A8654,2.3,Single focus point pull look create consumer law.
F2617,E6999,A1056,4.8,Lay compare remain indicate glass hour no use join program.
F1004,E9560,A4078,4.4,  Member recognize newspaper practice interest various soon call.   
F7209,E7485,A8176,3.5,  President make per pay live face contain.   
F3460,E8502,A2330,2.1,After receive make ago space rich heart court.
F1274,E8502,A2199,2.6,Wonder officer especially several one throw officer.
F5062,E1352,A3424,5.0,Develop next score family local stop traditional.
F5689,E5352,A2763,4.2,Real audience edge suffer century agency.
F2032,E7710,A9921,3.7,Think mention no hotel best have.
F2944,E4815,A2564,2.4,During our sure team process forget perform action.
F8117,E6999,A1038,3.5,Movement move in arm memory result where.
F2488,E4077,A3725,2.0,  Nature will different nature house television place a world.   
F9790,E5464,A9805,4.3,  Within visit rate outside key first try place.   
F2330,E1548,A6047,3.8,Set region station against must strategy hair daughter imagine.
F4508,E4141,A4497,1.5,  Detail current commercial wife idea reason evidence guess.   
F6418,E7437,A1056,0.9,Own not send project better data rather test husband.
F4082,E8866,A5362,4.7,Watch southern sound start subject bring let hold.
F1486,E9071,A2451,0.3,Get next station read box stop nation likely.
F1505,E9071,A5436,2.9,Yet eight reflect do since partner course.
F6964,E5617,A5531,4.4,Would network six relationship both special majority recent.
F2206,E4426,A9823,4.5,Career brother dark to particular.
F3752,E5625,A9604,0.1,  Fast think economic glass their.   
F6159,E1548,A5249,4.4,  Bank describe fill town deal.   
F2337,E5352,A3351,4.6,  Add two perhaps bill eight far list.   
F8205,E1943,A5399,1.4,All involve suffer whether probably.
F5388,E7710,A5133,3.1,Live perhaps several give recognize.
F7135,E1817,A2184,3.4,Television act vote step environmental help appear boy board less up.
F8265,E7710,A1108,1.9,Foot within operation eye civil fill bar money budget white.
F7991,E1943,A1234,4.5,  Lead draw somebody commercial popular.   
F4604,E2467,A1095,1.7,  What case next bank risk daughter.   
F8250,E9560,A2258,3.3,Man level mention set north lot.
F6539,E5625,A7122,4.5,  Nice these people into sometimes career director free.   
F3420,E9560,A3905,2.5,Wait what happy science know month Mr direction education.
F7100,E1100,A5880,0.5,Against course weight article pressure challenge prove area very site.
F6845,E5352,A1159,3.2,On whatever tell behavior memory maintain.
F6500,E4118,A1469,1.1,Gas industry appear expert image make thing everything before notice.
F4005,E2467,A5754,2.1,Few fund financial future miss east try game cause.
F5482,E8552,A3370,4.4,Write street east form goal level song.
F1970,E4426,A2454,0.1,  Town those popular television source scene job firm.   
F8390,E1548,A2589,3.5,Do reality image attorney surface early drop.
F7274,E7437,A1277,2.8,  Look end push but audience along play adult.   
F4910,E5464,A2454,2.0,  Travel Democrat very west let single professional capital speak.   
F5726,E7437,A1052,4.9,First drug should radio drug.
F5661,E8289,A9318,1.4,Plan hear too method probably carry determine would entire claim.
F4818,E5617,A3839,0.2,  Really now then issue author artist likely stage old.   
F9214,E5352,A7028,1.4,  Message leader myself page husband thank participant section public wall.   
F4738,E4426,A8821,1.8,  A example quality become team beyond water size anyone whatever.   
F9572,E9952,A8673,1.5,  Agree phone drug commercial free do.   
F7177,E5617,A7322,2.8,Air national across sometimes report certainly.
F5695,E6999,A1455,2.7,School really movement central someone weight.
F8347,E6999,A1628,0.4,Color although knowledge you.
F4351,E9560,A6401,3.7,Politics instead pick pay large feel project either down sound.
F3832,E1817,A1438,0.4,Upon operation artist exist discussion defense say program traditional.
F2774,E1548,A5769,4.1,Agency represent contain trip end stop account relationship once.
F5164,E9560,A5531,3.3,Something win thousand sometimes respond camera create remain value draw.
F9774,E4426,A3552,0.8,  Protect lose only dark lead.   
F1629,E4077,A9072,4.2,  Behind above never night product find side power involve.   
F2949,E1100,A2825,4.8,  Memory child much perhaps north.   
F7524,E1100,A5436,3.4,  Southern trip draw base coach wind.   
F8839,E5617,A2194,3.9,  Relate stop fight country.   
F1658,E5838,A2522,3.1,Learn idea current huge choice audience history be even recent.
F3233,E1100,A2768,0.4,Oil debate face article anyone response environment measure.
F1539,E8289,A8655,2.8,  Brother seem spring he very single yeah receive.   
F7149,E8289,A5133,0.8,Avoid know ask animal avoid.
F6250,E7437,A9823,1.6,  Visit party manage everybody probably yourself speech.   
F5891,E4426,A6460,4.8,Major generation go short large themselves cause.
F2865,E1943,A5436,0.7,Ask opportunity shoulder rate rule hospital each true alone.
F5947,E7485,A8105,4.0,Do institution glass provide on only dinner.
F7496,E6323,A3234,3.7,Nature green century box building weight order couple foot effect.
F3888,E1100,A2663,2.6,Million trouble little reality instead.
F2204,E4118,A8932,1.7,Religious laugh others every enough Republican.
F1115,E8289,A3351,0.1,  Significant here finally mouth management interest this.   
F4331,E8502,A6326,4.0,Forward much man risk election affect.
F6135,E1352,A6207,3.4,Feeling material approach weight argue peace with north.
F9114,E1817,A9318,1.6,Low daughter hotel do bad writer.
F3322,E8502,A4833,1.6,  Send PM whether color character.   
F5083,E8502,A6184,2.4,  Low reach run camera Democrat require thing somebody.   
F7609,E1943,A4951,2.0,Throw perhaps year avoid decide theory.
F5866,E4118,A4059,0.8,Mean strong card discover forget special wait five chance.
F8088,E7437,A1655,3.1,  Drop hundred team century six east church.   
F5983,E2467,A9487,0.1,  Ok nature moment all idea leg security site put watch.   
F5549,E2467,A4353,3.6,  Market least age perform claim minute song.   
F8181,E9560,A5494,0.1,  Its special that hotel myself east.   
F1264,E1548,A9300,2.6,Health officer politics position Republican.
F7379,E7485,A5531,0.1,  Represent garden open student husband per money same dinner bill return.   
F4296,E2467,A7779,0.4,Blue myself three million admit activity citizen.
F3589,E1548,A4173,4.1,  Beyond fight authority exist generation including society off nation live.   
F7370,E9952,A2142,0.3,Nice mouth blood star property popular.
F5668,E4803,A6411,4.7,  Expert note often organization.   
F7513,E5352,A8932,5.0,  Though present something myself strategy right.   
F1361,E7485,A1038,3.7,  Camera hope degree nearly item school but.   
F8486,E9560,A2776,4.8,Me individual language affect exist method interview effect guy national.
F5511,E1352,A9036,1.7,  Certain drive here air firm foot eight religious idea until either.   
F1870,E1943,A7490,3.7,Whatever building other point call evidence someone.
F1884,E8866,A6907,1.5,Never usually seat yourself property image law here worker.
F8472,E7710,A3167,1.3,Whether hope do fill writer bag week dog central.
F8800,E4426,A5574,0.7,Anything food clearly short child.
F8696,E5625,A8673,3.2,Catch father her technology next owner.
F9102,E6999,A5776,0.7,Listen answer catch deal anyone include product college.
F7627,E2467,A7147,1.0,  Something poor health scientist technology.   
F4192,E9560,A3527,3.8,  Method station or person social instead allow whom.   
F2662,E4141,A1277,1.6,  True child care spend federal claim remain fill can.   
F3747,E4803,A8819,1.7,  Serious training thousand reveal ball pay.   
F5448,E7485,A3897,1.5,  Run play entire above down democratic authority goal perform build.   
F3366,E4426,A8213,2.4,Concern including authority executive job tax look to amount.
F5865,E1352,A7147,1.9,Moment stand important officer great we.
F5106,E9560,A1702,2.2,  Follow imagine occur eye difficult analysis leg even group consumer.   
F6299,E8866,A4353,0.6,  Major case until go new low.   
F1096,E5464,A9056,3.0,  Future candidate feel machine ask against interest build every exist.   
F4076,E5617,A5133,2.8,Pretty how sing partner yourself away capital rock relate history middle.
F7477,E7437,A4164,0.9,Enjoy these exist talk himself.
F2819,E9560,A2753,1.7,  May finally reality garden increase.   
F2355,E6323,A5133,1.1,  Both hot camera themselves past main their media recognize.   
F7993,E4118,A9805,1.6,  House maybe season lead financial I college.   
F9450,E1352,A1038,1.4,Less star loss bar against action beautiful improve now no become.
F9519,E1548,A4078,1.3,Draw pretty research else sort reduce feel wide else.
F1926,E9560,A4353,4.1,  Drop crime reach determine later east investment collection foot.   
F4519,E5625,A6594,2.8,  East bill exist development hospital successful on.   
F2829,E6999,A6184,3.4,  Fast season college tough develop happen former color there employee country.   
F8638,E9560,A7670,3.7,  Down Republican establish we energy when take eat.   
F2048,E7710,A7087,1.1,  Law since around arrive memory property.   
F3883,E4077,A2768,3.9,  Your have sort front quite house dream necessary various probably.   
F9271,E4803,A6783,1.8,  Since heavy ten season Mr ok none build benefit personal.   
F7603,E8289,A6931,3.0,  Gas once cold very simple.   
F7465,E9071,A1228,4.9,Himself bad might artist source wide.
